Name	Sequence
A01	ATCACGTT
B01	CGATGTTT
C01	TTAGGCAT
D01	TGACCACT
E01	ACAGTGGT
F01	GCCAATGT
G01	CAGATCTG
H01	ACTTGATG
A02	GATCAGCG
B02	TAGCTTGT
C02	GGCTACAG
D02	CTTGTACT
E02	TGGTTGTT
F02	TCTCGGTT
G02	TAAGCGTT
H02	TCCGTCTT
A03	TGTACCTT
B03	TTCTGTGT
C03	TCTGCTGT
D03	TTGGAGGT
E03	TCGAGCGT
F03	TGATACGT
G03	TGCATAGT
H03	TTGACTCT
A04	TGCGATCT
B04	TTCCTGCT
C04	TAGTGACT
D04	TACAGGAT
E04	TCCTCAAT
F04	TGTGGTTG
G04	TACTAGTC
H04	TTCCATTG
A05	TCGAAGTG
B05	TAACGCTG
C05	TTGGTATG
D05	TGAACTGG
E05	TACTTCGG
F05	TCTCACGG
G05	TCAGGAGG
H05	TAAGTTCG
A06	TCCAGTCG
B06	TGTATGCG
C06	TCATTGAG
D06	TGGCTCAG
E06	TATGCCAG
F06	TCAGATTC
G06	TAGTCTTG
H06	TTCAGCTC
A07	TGTCTATC
B07	TATGTGGC
C07	TTACTCGC
D07	TCGTTAGC
E07	TACCGAGC
F07	TGTTCTCC
G07	TTCGCACC
H07	TTGCGTAC
A08	TCTACGAC
B08	TGACAGAC
C08	TAGAACAC
D08	TCATCCTA
E08	TGCTGATA
F08	TAGACGGA
G08	TGTGAAGA
H08	TCTCTTCA
A09	TTGTTCCA
B09	TGAAGCCA
C09	TACCACCA
D09	TGCGTGAA
E09	GGTGAGTT
F09	GATCTCTT
G09	GTGTCCTT
H09	GACGGATT
A10	GCAACATT
B10	GGTCGTGT
C10	GAATCTGT
D10	GTACATCT
E10	GAGGTGCT
F10	GCATGGCT
G10	GTTAGCCT
H10	GTCGCTAT
A11	GGAATGAT
B11	GAGCCAAT
C11	GCTCCTTG
D11	GTAAGGTG
E11	GAGGATGG
F11	GTTGTCGG
G11	GGATTAGG
H11	GATAGAGG
A12	GTGTGTCG
B12	GCAATCCG
C12	GACCTTAG
D12	GCCTGTTC
E12	GCACTGTC
F12	GCTAACTC
G12	GATTCATC
H12	GTCTTGGC
